# Netlify Redirects for antonsten.com
# Format: from to [status]
# More specific redirects should come first

# =============================================================================
# PRIORITY REDIRECTS - Handle most common 404s first
# =============================================================================

# Home page variations
/home/ / 301
/home / 301

# RSS feeds
/feed.xml /rss/ 301
/rss.xml /rss/ 301
/writing.xml /rss/ 301
/rss/* /rss/ 301

# Newsletter paths
/newsletter/* /newsletter/ 301

# Book pages - common 404s
/book /books/products-people-actually-want/ 301
/book/ /books/products-people-actually-want/ 301
/books/products-people-actually-wants /books/products-people-actually-want/ 301
/books/products-people-actually-wants/ /books/products-people-actually-want/ 301
/books/* /books/products-people-actually-want/ 301

# Course/Training pages - redirect to coaching
/course /coaching/ 301
/course/ /coaching/ 301
/ux-course /coaching/ 301
/ux-course/ /coaching/ 301
/uxcheck /coaching/ 301

# Work pages
/falkenberg /work/ 301
/designsystem /work/ 301
/case/frank /case/frank/ 301
/case/eon /case/eon/ 301
/case/* /work/ 301

# Working with me variations
/work-with-me /articles/working-with-anton/ 301
/work-with-me/ /articles/working-with-anton/ 301

# Special pages
/testimonials / 301
/ux-lead /uxlead/ 301
/blog /articles/ 301
/blog/ /articles/ 301
/writing /articles/ 301

# Year pages
/2024 /articles/2024/ 301

# =============================================================================
# SPECIFIC ARTICLE REDIRECTS - /writing/* to /articles/*
# =============================================================================

# Top 404 article redirects - with and without trailing slash
/writing/design-problem-solver /articles/design-problem-solver/ 301
/writing/design-problem-solver/ /articles/design-problem-solver/ 301
/writing/slack-ruined-work /articles/slack-ruined-work/ 301
/writing/slack-ruined-work/ /articles/slack-ruined-work/ 301
/writing/netflixux /articles/netflixux/ 301
/writing/netflixux/ /articles/netflixux/ 301
/writing/consultants /articles/consultants/ 301
/writing/consultants/ /articles/consultants/ 301
/writing/personal-data-requests /articles/personal-data-requests/ 301
/writing/personal-data-requests/ /articles/personal-data-requests/ 301
/writing/writing-ux-practical-tips /articles/writing-ux-practical-tips/ 301
/writing/writing-ux-practical-tips/ /articles/writing-ux-practical-tips/ 301
/writing/pricingphilosophy /articles/pricingphilosophy/ 301
/writing/pricingphilosophy/ /articles/pricingphilosophy/ 301
/writing/tesla /articles/tesla/ 301
/writing/tesla/ /articles/tesla/ 301
/writing/accenture /articles/accenture/ 301
/writing/accenture/ /articles/accenture/ 301
/writing/uxrules /articles/uxrules/ 301
/writing/uxrules/ /articles/uxrules/ 301
/writing/writing-better-design /articles/writing-better-design/ 301
/writing/writing-better-design/ /articles/writing-better-design/ 301
/writing/professional-path /articles/professional-path/ 301
/writing/professional-path/ /articles/professional-path/ 301
/writing/designingmobile /articles/designingmobile/ 301
/writing/designingmobile/ /articles/designingmobile/ 301
/writing/the-web /articles/the-web/ 301
/writing/the-web/ /articles/the-web/ 301
/writing/big-mood /articles/big-mood/ 301
/writing/big-mood/ /articles/big-mood/ 301
/writing/pattern-names /articles/pattern-names/ 301
/writing/pattern-names/ /articles/pattern-names/ 301
/writing/newdesign /articles/newdesign/ 301
/writing/newdesign/ /articles/newdesign/ 301
/writing/intuitive /articles/intuitive/ 301
/writing/intuitive/ /articles/intuitive/ 301
/writing/ux-for-efficiency /articles/ux-for-efficiency/ 301
/writing/ux-for-efficiency/ /articles/ux-for-efficiency/ 301
/writing/neurodiversity /articles/neurodiversity/ 301
/writing/neurodiversity/ /articles/neurodiversity/ 301
/writing/newtools /articles/newtools/ 301
/writing/newtools/ /articles/newtools/ 301
/writing/everythingeasy /articles/everythingeasy/ 301
/writing/everythingeasy/ /articles/everythingeasy/ 301
/writing/managing-distributed-team /articles/managing-distributed-team/ 301
/writing/managing-distributed-team/ /articles/managing-distributed-team/ 301
/writing/prescribed-tech /articles/prescribed-tech/ 301
/writing/prescribed-tech/ /articles/prescribed-tech/ 301
/writing/newsletter-friend /articles/newsletter-friend/ 301
/writing/newsletter-friend/ /articles/newsletter-friend/ 301
/writing/automated-personalized-content /articles/automated-personalized-content/ 301
/writing/automated-personalized-content/ /articles/automated-personalized-content/ 301
/writing/organized-browsing /articles/organized-browsing/ 301
/writing/organized-browsing/ /articles/organized-browsing/ 301
/writing/connecting-dots /articles/connecting-dots/ 301
/writing/connecting-dots/ /articles/connecting-dots/ 301
/writing/as-if /articles/as-if/ 301
/writing/as-if/ /articles/as-if/ 301
/writing/brand /articles/brand/ 301
/writing/brand/ /articles/brand/ 301
/writing/resolutions /articles/resolutions/ 301
/writing/resolutions/ /articles/resolutions/ 301
/writing/emotion-design /articles/emotion-design/ 301
/writing/emotion-design/ /articles/emotion-design/ 301
/writing/carpediem /articles/carpediem/ 301
/writing/carpediem/ /articles/carpediem/ 301
/writing/soccer /articles/soccer/ 301
/writing/soccer/ /articles/soccer/ 301
/writing/secret-feature /articles/secret-feature/ 301
/writing/secret-feature/ /articles/secret-feature/ 301
/writing/iphone-franchise /articles/iphone-franchise/ 301
/writing/iphone-franchise/ /articles/iphone-franchise/ 301
/writing/scaledown /articles/scaledown/ 301
/writing/scaledown/ /articles/scaledown/ 301
/writing/what-we-want-happy /articles/what-we-want-happy/ 301
/writing/what-we-want-happy/ /articles/what-we-want-happy/ 301
/writing/break /articles/break/ 301
/writing/break/ /articles/break/ 301
/writing/gumroadday /articles/gumroadday/ 301
/writing/gumroadday/ /articles/gumroadday/ 301
/writing/design-principles /articles/design-principles/ 301
/writing/design-principles/ /articles/design-principles/ 301
/writing/imposter /articles/imposter/ 301
/writing/imposter/ /articles/imposter/ 301
/writing/stay-humble /articles/stay-humble/ 301
/writing/stay-humble/ /articles/stay-humble/ 301

# =============================================================================
# ROOT-LEVEL ARTICLE REDIRECTS (from old URL structure)
# =============================================================================

/working-with-anton /articles/working-with-anton/ 301
/write-when-you-have-something-to-say /articles/write-when-you-have-something-to-say/ 301
/cost-pricing-and-perceived-value /articles/cost-pricing-and-perceived-value/ 301
/conversations /articles/conversations/ 301
/ux-design-explained /articles/ux-design-explained/ 301
/understanding-ui-design /articles/understanding-ui-design/ 301
/working-with-me /articles/working-with-me/ 301
/growth /articles/growth/ 301
/the-days-are-long-but-the-decades-are-short /articles/the-days-are-long-but-the-decades-are-short/ 301
/mvp-is-your-product-really-minimum-and-viable /articles/mvp-is-your-product-really-minimum-and-viable/ 301
/how-designers-can-earn-a-seat-at-the-table /articles/how-designers-can-earn-a-seat-at-the-table/ 301
/working-with-ux-designers-and-getting-results /articles/working-with-ux-designers-and-getting-results/ 301
/i-am-professional-because-i-am-personal /articles/i-am-professional-because-i-am-personal/ 301
/understanding-pain-dream-fix /articles/understanding-pain-dream-fix/ 301
/hey-siri-whats-the-future-of-user-interfaces /articles/hey-siri-whats-the-future-of-user-interfaces/ 301
/ux-is-much-more-than-software /articles/ux-is-much-more-than-software/ 301
/time-vs-attention-which-is-more-valuable /articles/time-vs-attention-which-is-more-valuable/ 301
/what-is-a-great-user-experience /articles/what-is-a-great-user-experience/ 301
/why-user-experiences-matter /articles/why-user-experiences-matter/ 301
/an-eye-on-the-future /articles/an-eye-on-the-future/ 301
/be-the-butcher-not-the-supermarket /articles/be-the-butcher-not-the-supermarket/ 301
/built-to-last /articles/built-to-last/ 301
/simple-is-hard /articles/simple-is-hard/ 301
/designing-for-accessibility /articles/designing-for-accessibility/ 301
/is-less-more /articles/is-less-more/ 301
/designers-write /articles/designers-write/ 301
/vox-media-accessibility-guidelines /articles/vox-media-accessibility-guidelines/ 301
/2017 /articles/2017/ 301
/tech-is-not-neutral /articles/tech-is-not-neutral/ 301
/gdpr-is-ruining-my-life /articles/gdpr-is-ruining-my-life/ 301
/unfoundered /articles/unfoundered/ 301
/confirmation-bias /articles/confirmation-bias/ 301
/cheap-shower-curtains /articles/cheap-shower-curtains/ 301
/why-small-teams-win /articles/why-small-teams-win/ 301
/back-to-work /articles/back-to-work/ 301
/right-to-privacy /articles/right-to-privacy/ 301
/2018 /articles/2018/ 301
/uxdesigner /articles/uxdesigner/ 301
/uxlead /articles/uxlead/ 301
/speak-business /articles/speak-business/ 301
/2019 /articles/2019/ 301
/redesign-to-learn /articles/redesign-to-learn/ 301
/hard-startups /articles/hard-startups/ 301
/get-static /articles/get-static/ 301
/what-do-you-do /articles/what-do-you-do/ 301
/marketing-features /articles/marketing-features/ 301
/summer-update /articles/summer-update/ 301
/more-isnt-better /articles/more-isnt-better/ 301
/working-uxlead /articles/working-uxlead/ 301
/good-design /articles/good-design/ 301
/2020 /articles/2020/ 301
/defining-best /articles/defining-best/ 301
/juniorvssenior /articles/juniorvssenior/ 301
/2021 /articles/2021/ 301
/company-culture /articles/company-culture/ 301
/justwrite /articles/justwrite/ 301
/head-of-product /articles/head-of-product/ 301
/2022 /articles/2022/ 301
/how-to-sell-design /articles/how-to-sell-design/ 301
/one-question-changed-feedback-for-me /articles/one-question-changed-feedback-for-me/ 301
/the-power-of-product-principles /articles/the-power-of-product-principles/ 301
/how-i-write-for-design /articles/how-i-write-for-design/ 301
/why-carousels-dont-work /articles/why-carousels-dont-work/ 301
/2023 /articles/2023/ 301
/freelancing-three-values /articles/freelancing-three-values/ 301
/digital-tools-may-create-life-long-relationships /articles/digital-tools-may-create-life-long-relationships/ 301
/tools /articles/tools/ 301
/uxstrategy /articles/uxstrategy/ 301
/stakeholder /articles/stakeholder/ 301
/change-is-coming /articles/change-is-coming/ 301
/ux-portfolio /articles/ux-portfolio/ 301
/can-you-be-creative /articles/can-you-be-creative/ 301
/core-values /articles/core-values/ 301

# =============================================================================
# TRAILING SLASH ENFORCEMENT FOR MAIN SECTIONS
# =============================================================================

/about /about/ 301
/work /work/ 301
/articles /articles/ 301
/coaching /coaching/ 301
/contact /contact/ 301
/colophon /colophon/ 301
/newsletter /newsletter/ 301

# =============================================================================
# PATTERN REDIRECTS - MUST BE LAST (most general)
# =============================================================================

# Handle any remaining /writing/* to /articles/* (catches anything not specifically listed above)
/writing/* /articles/:splat 301

# Content paths
/content/* /articles/:splat 301
